{
  "metrics": {
    "http_reqs": {
      "count": 63446,
      "rate": 1055.9754006826163
    },
    "http_req_duration": {
      "avg": 69.32157834857748,
      "min": 1.0805130004882812,
      "max": 1609.3671321868896,
      "p(95)": 518.0878639221191
    },
    "http_req_failed": {
      "rate": 0.0
    },
    "checks": {
      "rate": 1.0
    }
  }
}