{
  "metrics": {
    "http_reqs": {
      "count": 47363,
      "rate": 787.887488763704
    },
    "http_req_duration": {
      "avg": 91.18085705805264,
      "min": 1.2099742889404297,
      "max": 1630.3150653839111,
      "p(95)": 528.8753509521484
    },
    "http_req_failed": {
      "rate": 0.6970631083335093
    },
    "checks": {
      "rate": 0.30293689166649074
    }
  }
}