{
  "metrics": {
    "http_reqs": {
      "count": 57329,
      "rate": 954.3766226345159
    },
    "http_req_duration": {
      "avg": 95.6659540830648,
      "min": 1.0895729064941406,
      "max": 1762.3729705810547,
      "p(95)": 522.0744609832764
    },
    "http_req_failed": {
      "rate": 0.7502660084773849
    },
    "checks": {
      "rate": 0.2497339915226151
    }
  }
}